{
    "f1_macro": 0.9649744663859954,
    "f1_real": 0.9659201557935735,
    "f1_bogus": 0.9640287769784173,
    "auroc": 0.9934160000000001,
    "accuracy": 0.965
}