{
    "f1_macro": 0.9733729027828,
    "f1_real": 0.9941571828233577,
    "f1_bogus": 0.9525886227422423,
    "auroc": 0.983526617253233,
    "accuracy": 0.9895964623124239
}