{
    "f1_macro": 0.973434472666782,
    "f1_real": 0.9941823071975677,
    "f1_bogus": 0.9526866381359962,
    "auroc": 0.9755548426796627,
    "accuracy": 0.9896386545871082
}