{
    "f1_macro": 0.9751319640189554,
    "f1_real": 0.9945554764789729,
    "f1_bogus": 0.9557084515589379,
    "auroc": 0.9828743368353967,
    "accuracy": 0.9903029584863925
}