{
    "f1_macro": 0.9726800457772085,
    "f1_real": 0.9940054671752693,
    "f1_bogus": 0.9513546243791475,
    "auroc": 0.9846650032345848,
    "accuracy": 0.9893262522128502
}