{
    "f1_macro": 0.9739414259212154,
    "f1_real": 0.9943006489569669,
    "f1_bogus": 0.9535822028854639,
    "auroc": 0.9858368729548617,
    "accuracy": 0.9898478205445855
}